<?xml version="1.0" encoding="UTF-8"?>
<metadata xml:lang="en"><Esri><CreaDate>20111129</CreaDate><CreaTime>12193200</CreaTime><ArcGISFormat>1.0</ArcGISFormat><ArcGISstyle>XTools Pro Metadata</ArcGISstyle><SyncOnce>TRUE</SyncOnce><DataProperties><itemProps><itemLocation><linkage Sync="TRUE">file://\\OCHAKE-BONIFACE\D$\GIS\Kenya\shapefiles\ILRI\COD\KEN_Roads\KEN_Roads</linkage><protocol Sync="TRUE">Local Area Network</protocol></itemLocation></itemProps><copyHistory><copy source="D:\GIS\Kenya\shapefiles\ILRI\COD\KEN_Roads" dest="\\OCHAKE-BONIFACE\D$\GIS\Kenya\shapefiles\ILRI\COD\KEN_Roads\KEN_Roads" date="20111129" time="12292600"></copy></copyHistory></DataProperties></Esri></metadata>
